Rank,CNG,Prospect,College,POS,Ht,Wt,CLS,Bio_URL
1,--,Fernando Mendoza,Indiana,QB,"6'5""",236,RJR,https://iuhoosiers.com/sports/football/roster/fernando-mendoza/20171
2,--,Arvell Reese,Ohio State,EDGE,"6'4""",241,JR,https://ohiostatebuckeyes.com/sports/football/roster/arvell-reese/12300
3,--,Jeremiyah Love,Notre Dame,RB,"6'0""",212,JR,https://fightingirish.com/roster/jeremiyah-love/
4,--,Sonny Styles,Ohio State,OLB,"6'5""",244,SR,https://ohiostatebuckeyes.com/sports/football/roster/sonny-styles/11048
5,--,Caleb Downs,Ohio State,S,"6'0""",206,JR,https://ohiostatebuckeyes.com/sports/football/roster/caleb-downs/12257
6,--,Francis Mauigoa,Miami (FL),OT,"6'6""",329,JR,https://miamihurricanes.com/roster/francis-mauigoa/
7,--,David Bailey,Texas Tech,EDGE,"6'4""",251,SR,https://texastech.com/sports/football/roster/david-bailey/13883
8,--,Mansoor Delane,LSU,CB,"6'0""",187,SR,https://lsusports.net/sports/fb/roster/player/mansoor-delane/
9,--,Carnell Tate,Ohio State,WR,"6'2""",192,JR,https://ohiostatebuckeyes.com/sports/football/roster/carnell-tate/12317
10,+3,Spencer Fano,Utah,OT,"6'6""",311,JR,https://utahutes.com/sports/football/roster/spencer-fano/16579
11,--,Makai Lemon,USC,WR,"5'11""",192,JR,https://usctrojans.com/sports/football/roster/makai-lemon/17550
12,-3,Rueben Bain Jr.,Miami (FL),EDGE,"6'2""",263,JR,https://miamihurricanes.com/roster/rueben-bain/
13,--,Olaivavega Ioane,Penn State,OG,"6'4""",320,RJR,https://gopsusports.com/sports/football/roster/player/olaivavega-ioane
14,-5,Kenyon Sadiq,Oregon,TE,"6'3""",241,JR,https://goducks.com/sports/football/roster/kenyon-sadiq/17418
15,--,Jordyn Tyson,Arizona State,WR,"6'2""",203,RJR,https://thesundevils.com/sports/football/roster/jordyn-tyson/17413
16,--,Keldric Faulk,Auburn,EDGE,"6'6""",276,JR,https://auburntigers.com/sports/football/roster/player/keldric-faulk
17,-5,Monroe Freeling,Georgia,OT,"6'7""",315,JR,https://georgiadogs.com/sports/football/roster/monroe-freeling/9522
18,--,Dillon Thieneman,Oregon,S,"6'0""",201,JR,https://purduesports.com/sports/football/roster/dillon-thieneman/12982
19,--,Jermod McCoy,Tennessee,CB,"6'1""",188,JR,https://utsports.com/sports/football/roster/jermod-mccoy/22020
20,--,Ty Simpson,Alabama,QB,"6'1""",211,RJR,https://rolltide.com/sports/football/roster/ty-simpson/13841
21,--,Omar Cooper Jr.,Indiana,WR,"6'0""",199,RJR,https://iuhoosiers.com/sports/football/roster/omar-cooper-jr-/19946
22,--,Chris Johnson,San Diego State,CB,"6'0""",193,SR,https://goaztecs.com/sports/football/roster/player/chris-johnson
23,--,T.J. Parker,Clemson,EDGE,"6'4""",263,JR,https://clemsontigers.com/sports/football/roster/tj-parker/
24,--,Kadyn Proctor,Alabama,OT,"6'7""",352,JR,https://rolltide.com/sports/football/roster/kadyn-proctor/8742
25,--,Colton Hood,Tennessee,CB,"6'0""",193,RSO,https://utsports.com/sports/football/roster/colton-hood/22270
26,-6,Peter Woods,Clemson,DL3T,"6'2""",298,JR,https://clemsontigers.com/sports/football/roster/peter-woods/
27,--,KC Concepcion,Texas A&M,WR,"6'0""",196,JR,https://12thman.com/sports/football/roster/kc-concepcion/14826
28,--,Caleb Lomu,Utah,OT,"6'6""",313,RSO,https://utahutes.com/sports/football/roster/caleb-lomu/16602
29,--,Emmanuel McNeil-Warren,Toledo,S,"6'3""",201,SR,https://utrockets.com/sports/football/roster/emmanuel-mcneil-warren/10000
30,--,Denzel Boston,Washington,WR,"6'4""",212,RJR,https://gohuskies.com/sports/football/roster/denzel-boston/16627
31,+5,Blake Miller,Clemson,OT,"6'7""",317,SR,https://clemsontigers.com/sports/football/roster/blake-miller/
32,--,Max Iheanachor,Arizona State,OT,"6'6""",321,RSR,https://thesundevils.com/sports/football/roster/player/max-iheanachor
33,+8,Kayden McDonald,Ohio State,DL1T,"6'2""",326,JR,https://ohiostatebuckeyes.com/sports/football/roster/kayden-mcdonald/12285
34,--,Akheem Mesidor,Miami (FL),EDGE,"6'3""",259,RSR,https://miamihurricanes.com/roster/akheem-mesidor/
35,--,Lee Hunter,Texas Tech,DL1T,"6'3""",318,RSR,https://texastech.com/sports/football/roster/lee-hunter/13789
36,--,Brandon Cisse,South Carolina,CB,"6'0""",189,JR,https://gamecocksonline.com/sports/football/roster/player/brandon-cisse/
37,-5,Cashius Howell,Texas A&M,EDGE,"6'2""",253,RSR,https://12thman.com/sports/football/roster/cashius-howell/14645
38,--,C.J. Allen,Georgia,OLB,"6'1""",230,JR,https://georgiadogs.com/sports/football/roster/cj-allen/9498
39,--,Christen Miller,Georgia,DL1T,"6'4""",321,RJR,https://georgiadogs.com/sports/football/roster/christen-miller/9553
40,+8,Malachi Lawrence,UCF,EDGE,"6'4""",253,RSR,https://ucfknights.com/sports/football/roster/player/malachi-lawrence
41,--,Gabe Jacas,Illinois,EDGE,"6'4""",260,SR,https://fightingillini.com/sports/football/roster/gabe-jacas/15034
42,--,Eli Stowers,Vanderbilt,TE,"6'4""",239,RSR,https://vucommodores.com/roster/eli-stowers/
43,--,Anthony Hill Jr.,Texas,ILB,"6'2""",238,JR,https://texaslonghorns.com/sports/football/roster/anthony-hill-jr-/14362
44,--,Emmanuel Pregnon,Oregon,OG,"6'4""",314,RSR,https://goducks.com/sports/football/roster/emmanuel-pregnon/17443
45,--,D'Angelo Ponds,Indiana,CBN,"5'9""",182,JR,https://iuhoosiers.com/sports/football/roster/d-angelo-ponds/20002
46,--,R Mason Thomas,Oklahoma,EDGE,"6'2""",241,SR,https://soonersports.com/sports/football/roster/r-mason-thomas/19448
47,--,Keionte Scott,Miami (FL),CB,"5'11""",193,RSR,https://miamihurricanes.com/sports/football/roster/
48,--,Chase Bisontis,Texas A&M,OG,"6'5""",315,JR,https://12thman.com/sports/football/roster/chase-bisontis/14594
49,-15,Avieon Terrell,Clemson,CBN,"5'11""",186,JR,https://clemsontigers.com/sports/football/roster/avieon-terrell/
50,--,Caleb Banks,Florida,DL1T,"6'6""",327,RSR,https://floridagators.com/sports/football/roster/caleb-banks/17564
51,--,Jadarian Price,Notre Dame,RB,"5'11""",203,RJR,https://fightingirish.com/roster/jadarian-price/
52,--,Germie Bernard,Alabama,WR,"6'1""",206,SR,https://rolltide.com/sports/football/roster/germie-bernard/13766
53,--,Zion Young,Missouri,EDGE,"6'6""",262,SR,https://mutigers.com/sports/football/roster/zion-young/28673
54,--,Jacob Rodriguez,Texas Tech,ILB,"6'1""",231,RSR,https://texastech.com/sports/football/roster/jacob-rodriguez/13749
55,--,Treydan Stukes,Arizona,S,"6'1""",190,RSR,https://arizonawildcats.com/sports/football/roster/treydan-stukes/18434
56,--,Jake Golday,Cincinnati,OLB,"6'4""",239,RSR,https://gobearcats.com/sports/football/roster/player/jake-golday
57,+10,Max Klare,Ohio State,TE,"6'5""",246,RJR,https://ohiostatebuckeyes.com/sports/football/roster/max-klare/12358
58,--,Derrick Moore,Michigan,EDGE,"6'4""",255,SR,https://d4njeax0ev936.cloudfront.net/sports/football/roster/derrick-moore/26739
59,--,Chris Bell,Louisville,WR,"6'2""",222,SR,https://gocards.com/sports/football/roster/chris-bell/15924
60,--,Mike Washington Jr.,Arkansas,RB,"6'1""",223,RSR,https://arkansasrazorbacks.com/roster/mike-washington-jr/
61,-10,Chris Brazzell II,Tennessee,WR,"6'4""",198,RJR,https://utsports.com/sports/football/roster/chris-brazzell-ii/21983
62,--,Gennings Dunker,Iowa,OG,"6'5""",319,RSR,https://hawkeyesports.com/sports/football/roster/player/gennings-dunker
63,--,Domonique Orange,Iowa State,DL1T,"6'2""",322,SR,https://cyclones.com/sports/football/roster/domonique-orange/13720
64,--,Davison Igbinosun,Ohio State,CB,"6'2""",189,SR,https://ohiostatebuckeyes.com/sports/football/roster/davison-igbinosun/11006
65,--,Caleb Tiernan,Northwestern,OT,"6'8""",323,RSR,https://nusports.com/sports/football/roster/caleb-tiernan/12509
66,--,A.J. Haulcy,LSU,S,"6'0""",215,SR,https://lsusports.net/sports/fb/roster/player/a-j-haulcy/
67,--,Ted Hurst,Georgia State,WR,"6'4""",206,SR,https://georgiastatesports.com/sports/football/roster/ted-hurst/7635
68,--,Romello Height,Texas Tech,EDGE,"6'3""",239,RSR,https://texastech.com/sports/football/roster/romello-height/13792
69,-15,Elijah Sarratt,Indiana,WR,"6'2""",210,SR,https://iuhoosiers.com/sports/football/roster/elijah-sarratt/20009
70,--,Keylan Rutledge,Georgia Tech,OG,"6'4""",316,SR,https://ramblinwreck.com/roster/keylan-rutledge/
71,--,Antonio Williams,Clemson,WR,"5'11""",187,RJR,https://clemsontigers.com/sports/football/roster/antonio-williams/
72,--,Josiah Trotter,Missouri,ILB,"6'2""",237,RSO,https://mutigers.com/sports/football/roster/josiah-trotter/28698
73,-15,Zachariah Branch,Georgia,WR,"5'9""",177,JR,https://georgiadogs.com/sports/football/roster/zachariah-branch/9615
74,--,Malachi Fields,Notre Dame,WR,"6'4""",218,RSR,https://www.on3.com/db/malachi-fields-81419/
75,--,Tacario Davis,Washington,CB,"6'4""",194,SR,https://gohuskies.com/sports/football/roster/tacario-davis/16836
76,--,Darrell Jackson Jr.,Florida State,DL3T,"6'6""",315,RSR,https://seminoles.com/sports/football/roster/darrell-jackson-jr/7797
77,--,Malik Muhammad,Texas,CB,"6'0""",182,JR,https://texaslonghorns.com/sports/football/roster/malik-muhammad/14370
78,--,Dani Dennis-Sutton,Penn State,EDGE,"6'6""",256,SR,https://gopsusports.com/sports/football/roster/player/dani-dennis-sutton
79,--,Kyle Louis,Pittsburgh,OLB,"6'0""",220,RJR,https://pittsburghpanthers.com/sports/football/roster/kyle-louis/14297
80,--,Zakee Wheatley,Penn State,S,"6'3""",208,RSR,https://gopsusports.com/sports/football/roster/player/zakee-wheatley
81,-15,Keith Abney II,Arizona State,CBN,"5'10""",187,JR,https://thesundevils.com/sports/football/roster/player/keith-abney-ii
82,--,Gracen Halton,Oklahoma,DL3T,"6'3""",293,SR,https://soonersports.com/sports/football/roster/gracen-halton/19330
83,--,Sam Hecht,Kansas State,OC,"6'4""",303,RSR,https://www.kstatesports.com/sports/football/roster/sam-hecht/12511
84,--,Garrett Nussmeier,LSU,QB,"6'2""",203,RSR,https://lsusports.net/sports/fb/roster/player/garrett-nussmeier/
85,--,Connor Lew,Auburn,OC,"6'4""",310,JR,https://auburntigers.com/sports/football/roster/player/connor-lew
86,--,Zane Durant,Penn State,DL3T,"6'1""",290,SR,https://gopsusports.com/sports/football/roster/player/zane-durant
87,-10,Jalen Farmer,Kentucky,OG,"6'5""",312,RJR,https://ukathletics.com/sports/football/roster/player/jalen-farmer/
88,--,Drew Allar,Penn State,QB,"6'5""",228,SR,https://gopsusports.com/sports/football/roster/player/drew-allar
89,--,Jake Slaughter,Florida,OC,"6'5""",303,RSR,https://floridagators.com/sports/football/roster/jake-slaughter/17629
90,--,Bryce Lance,North Dakota State,WR,"6'3""",204,RSR,https://gobison.com/sports/football/roster/bryce-lance/23084
91,--,Bud Clark,TCU,S,6'0,185,RSR,https://gofrogs.com/sports/football/roster/bud-clark/17386
92,+15,Keyron Crawford,Auburn,EDGE,"6'4""",253,SR,https://auburntigers.com/sports/football/roster/player/keyron-crawford
93,-10,Deion Burks,Oklahoma,WRS,"5'10""",180,RSR,https://soonersports.com/sports/football/roster/deion-burks/19176
94,+15,V.J. Payne,Kansas State,S,"6'3""",206,SR,https://www.kstatesports.com/sports/football/roster/vj-payne/12544
95,-10,Genesis Smith,Arizona State,S,"6'2""",202,JR,https://arizonawildcats.com/sports/football/roster/genesis-smith/18430
96,+10,Joshua Josephs,Tennessee,EDGE,"6'3""",242,SR,https://utsports.com/sports/football/roster/joshua-josephs/22012
97,--,Logan Jones,Iowa,OC,"6'3""",299,RSR,https://hawkeyesports.com/sports/football/roster/player/logan-jones
98,+10,Jaishawn Barham,Michigan,EDGE,"6'4""",240,SR,https://mgoblue.com/sports/football/roster/jaishawn-barham/26686
99,--,Daylen Everette,Georgia,CB,"6'1""",196,SR,https://georgiadogs.com/sports/football/roster/daylen-everette/9518
100,+10,Skyler Bell,Connecticut,WR,"6'0""",192,RSR,https://uconnhuskies.com/sports/football/roster/skyler-bell/14785
101,--,Sam Roush,Stanford,TE,"6'6""",267,SR,https://gostanford.com/sports/football/roster/player/sam-roush
102,+15,Chandler Rivers,Duke,CBN,"5'10""",185,SR,https://goduke.com/sports/football/roster/chandler-rivers/21808
103,-10,Kamari Ramsey,USC,S,"6'0""",202,RJR,https://usctrojans.com/sports/football/roster/kamari-ramsey/17576
104,--,Jonah Coleman,Washington,RB,"5'8""",220,SR,https://gohuskies.com/sports/football/roster/jonah-coleman/16636
105,--,Rayshaun Benny,Michigan,DL3T,"6'3""",298,RSR,https://mgoblue.com/sports/football/roster/rayshaun-benny/26691
106,--,Emmett Johnson,Nebraska,RB,"5'10""",202,RJR,https://huskers.com/sports/football/roster/player/emmett-johnson
107,+20,Will Lee III,Texas A&M,CB,"6'2""",190,RSR,https://12thman.com/sports/football/roster/will-lee-iii/14660
108,+20,De'Zhaun Stribling,Ole Miss,WR,"6'2""",207,RSR,https://olemisssports.com/sports/football/roster/dezhaun-stribling/5953
109,--,Justin Joly,NC State,TE,"6'3""",241,SR,https://gopack.com/sports/football/roster/justin-joly/15249
110,+35,Keyshaun Elliott,Arizona State,ILB,"6'2""",231,SR,https://thesundevils.com/sports/football/roster/player/keyshaun-elliott
111,--,Markel Bell,Miami (FL),OT,"6'9""",346,SR,https://miamihurricanes.com/roster/markel-bell/
112,-10,Carson Beck,Miami (FL),QB,"6'5""",233,RSR,https://miamihurricanes.com/roster/carson-beck/
113,--,Kage Casey,Boise State,OG,"6'6""",310,RJR,https://broncosports.com/sports/football/roster/kage-casey/11242
114,--,Taylen Green,Arkansas,QB,"6'6""",227,RSR,https://arkansasrazorbacks.com/roster/taylen-green/
115,+20,Tyler Onyedim,Texas A&M,DL5T,"6'4""",292,GR,https://12thman.com/sports/football/roster/tyler-onyedim/14832
116,-10,Julian Neal,Arkansas,CB,"6'2""",203,RSR,https://arkansasrazorbacks.com/roster/julian-neal/
117,--,Billy Schrauth,Notre Dame,OG,"6'5""",310,RJR,https://fightingirish.com/roster/billy-schrauth/
118,--,Austin Barber,Florida,OT,"6'7""",318,RSR,https://floridagators.com/sports/football/roster/austin-barber/17565
119,--,Dametrious Crownover,Texas A&M,OT,"6'7""",319,RSR,https://12thman.com/sports/football/roster/dametrious-crownover/14619
120,+10,Chris McClellan,Missouri,DL3T,"6'4""",313,SR,https://mutigers.com/sports/football/roster/chris-mcclellan/28645
121,--,Kaytron Allen,Penn State,RB,"5'11""",216,SR,https://gopsusports.com/sports/football/roster/player/kaytron-allen
122,--,Jalon Kilgore,South Carolina,S,"6'1""",210,JR,https://gamecocksonline.com/sports/football/roster/player/jalon-kilgore/
123,-20,Ja'Kobi Lane,USC,WR,"6'4""",200,JR,https://usctrojans.com/sports/football/roster/jakobi-lane/17475
124,+30,Travis Burke,Memphis,OT,"6'9""",325,RSR,https://gotigersgo.com/sports/football/roster/travis-burke/12179
125,--,Brian Parker II,Duke,OC,"6'5""",309,RJR,https://goduke.com/sports/football/roster/brian-parker-ii/21797
126,--,Brenen Thompson,Mississippi State,WRS,"5'9""",164,SR,https://hailstate.com/sports/football/roster/brenen-thompson/12380
127,--,L.T. Overton,Alabama,DL5T,"6'3""",274,SR,https://rolltide.com/sports/football/roster/lt-overton/13821
128,+15,Albert Regis,Texas A&M,DL3T,"6'1""",295,RSR,https://12thman.com/sports/football/roster/albert-regis/14684
129,-15,Michael Taaffe,Texas,S,"6'0""",190,RSR,https://texaslonghorns.com/sports/football/roster/michael-taaffe/14381
130,--,Oscar Delp,Georgia,TE,"6'5""",245,SR,https://georgiadogs.com/sports/football/roster/oscar-delp/9515
131,--,Devin Moore,Florida,CB,"6'3""",198,SR,https://floridagators.com/sports/football/roster/devin-moore/17616
132,--,Tim Keenan III,Alabama,DL1T,"6'1""",327,RSR,https://rolltide.com/sports/football/roster/tim-keenan-iii/13802
133,--,Bryce Boettcher,Oregon,ILB,"6'1""",233,RSR,https://goducks.com/sports/football/roster/bryce-boettcher/17353
134,--,Jude Bowry,Boston College,OT,"6'5""",314,RJR,https://bceagles.com/sports/football/roster/jude-bowry/24289
135,--,Max Llewellyn,Iowa,EDGE,"6'4""",258,RSR,https://hawkeyesports.com/sports/football/roster/player/max-llewellyn
136,--,Trey Zuhn III,Texas A&M,OC,"6'7""",312,RSR,https://12thman.com/sports/football/roster/trey-zuhn-iii/14724
137,--,Nick Singleton,Penn State,RB,"6'0""",219,SR,https://gopsusports.com/sports/football/roster/player/nicholas-singleton
138,--,Demond Claiborne,Wake Forest,RB,"5'10""",188,SR,https://godeacs.com/sports/football/roster/demond-claiborne/8566
139,+45,Nick Barrett,South Carolina,DL3T,"6'3""",312,RSR,https://gamecocksonline.com/sports/football/roster/player/nick-barrett/
140,+30,Cole Payton,North Dakota State,QB,"6'3""",232,SR,https://gobison.com/sports/football/roster/cole-payton/23101
141,--,Jalen Huskey,Maryland,S,"6'1""",196,SR,https://umterps.com/sports/football/roster/jalen-huskey/14705
142,--,Isaiah World,Oregon,OT,"6'8""",309,RSR,https://goducks.com/sports/football/roster/isaiah-world/17446
143,+15,Kaleb Elarms-Orr,TCU,OLB,"6'2""",234,SR,https://gofrogs.com/sports/football/roster/kaleb-elarmsorr/17394
144,--,Nadame Tucker,Western Michigan,EDGE,"6'2""",247,SR,https://wmubroncos.com/sports/football/roster/nadame-tucker/15568
145,-25,Michael Trigg,Baylor,TE,"6'4""",240,RSR,https://baylorbears.com/sports/football/roster/michael-trigg/14114
146,--,Charles Demmings,Stephen F Austin,CB,"6'1""",193,SR,https://sfajacks.com/sports/football/roster/charles-demmings/7542
147,--,J.C. Davis,Illinois,OT,"6'4""",322,RSR,https://fightingillini.com/sports/football/roster/j-c--davis/14459
148,+40,Jadon Canady,Oregon,CBN,"5'11""",181,RSR,https://goducks.com/sports/football/roster/jadon-canady/17452
149,--,DeShon Singleton,Nebraska,S,"6'3""",205,RSR,https://huskers.com/sports/football/roster/player/deshon-singleton
150,-15,Harold Perkins Jr.,LSU,OLB,"6'1""",223,SR,https://lsusports.net/sports/fb/roster/player/harold-perkins-jr/
151,-20,Anthony Lucas,USC,EDGE,"6'6""",256,SR,https://usctrojans.com/sports/football/roster/anthony-lucas/17706
152,-15,Seth McGowan,Kentucky,RB,"6'0""",223,SR,https://ukathletics.com/sports/football/roster/player/seth-mcgowan/
153,-15,Cade Klubnik,Clemson,QB,"6'2""",207,SR,https://clemsontigers.com/sports/football/roster/cade-klubnik/
154,-25,Deontae Lawson,Alabama,ILB,"6'3""",226,RSR,https://rolltide.com/sports/football/roster/deontae-lawson/13806
155,--,Taurean York,Texas A&M,ILB,"5'11""",226,JR,https://12thman.com/sports/football/roster/taurean-york/14722
156,--,Reggie Virgil,Texas Tech,WR,"6'3""",187,SR,https://texastech.com/sports/football/roster/reggie-virgil/13784
157,--,DeMonte Capehart,Clemson,DL3T,"6'5""",313,RSR,https://clemsontigers.com/sports/football/roster/demonte-capehart/
158,--,Bishop Fitzgerald,USC,S,"5'11""",201,RSR,https://usctrojans.com/sports/football/roster/bishop-fitzgerald/17684
159,-15,Kevin Coleman Jr.,Missouri,WR,"5'10""",179,SR,https://mutigers.com/sports/football/roster/kevin-coleman-jr-/28678
160,+30,Beau Stephens,Iowa,OG,"6'6""",315,RSR,https://hawkeyesports.com/sports/football/roster/player/beau-stephens
161,-25,Jack Endries,Texas,TE,"6'5""",245,RJR,https://texaslonghorns.com/news/2025/5/1/football-signs-five-transfers.aspx
162,--,Parker Brailsford,Alabama,OC,"6'2""",289,RJR,https://rolltide.com/sports/football/roster/parker-brailsford/13767
163,+20,Toriano Pride Jr.,Missouri,CBN,"5'10""",185,SR,https://mutigers.com/sports/football/roster/toriano-pride-jr-/28657
164,--,Keagen Trost,Missouri,OT,"6'5""",311,RSR,https://mutigers.com/sports/football/roster/keagen-trost/28697
165,-25,Tyreak Sapp,Florida,EDGE,"6'2""",273,RSR,https://floridagators.com/sports/football/roster/tyreak-sapp/17625
166,+20,Diego Pounds,Ole Miss,OT,"6'6""",325,SR,https://olemisssports.com/sports/football/roster/diego-pounds/5871
167,+10,Wesley Bailey,Louisville,EDGE,"6'5""",265,RSR,https://gocards.com/sports/football/roster/wesley-bailey/16019
168,--,Kaleb Proctor,SE Louisiana,DL5T,"6'2""",291,RSR,https://lionsports.net/sports/football/roster/kaleb-proctor/11305
169,--,Nate Boerkircher,Texas A&M,TE,"6'5""",245,GR,https://12thman.com/sports/football/roster/nate-boerkircher/14825
170,-20,Dallen Bentley,Utah,TE,"6'4""",253,SR,https://utahutes.com/sports/football/roster/dallen-bentley/16553
171,+25,Logan Fano,Utah,EDGE,"6'5""",257,RJR,https://utahutes.com/sports/football/roster/logan-fano/16578
172,--,Marlin Klein,Michigan,TE,"6'6""",248,RJR,https://mgoblue.com/sports/football/roster/marlin-klein/26727
173,--,Jeff Caldwell,Cincinnati,WR,"6'5""",216,SR,https://gobearcats.com/sports/football/roster/player/jeff-caldwell
174,-30,Dontay Corleone,Cincinnati,DL1T,"6'1""",340,RSR,https://gobearcats.com/sports/football/roster/dontay-corleone/13251
175,--,Eli Raridon,Notre Dame,TE,"6'6""",245,SR,https://fightingirish.com/roster/eli-raridon/
176,--,Le'Veon Moss,Texas A&M,RB,"5'11""",203,SR,https://12thman.com/sports/football/roster/le-veon-moss/14669
177,--,Jeremiah Wright,Auburn,OG,"6'5""",331,RSR,https://auburntigers.com/sports/football/roster/player/jeremiah-wright
178,--,Caden Curry,Ohio State,EDGE,"6'3""",257,SR,https://ohiostatebuckeyes.com/sports/football/roster/caden-curry/12255
179,--,Drew Shelton,Penn State,OT,"6'5""",313,SR,https://gopsusports.com/sports/football/roster/player/drew-shelton
180,--,Ephesians Prysock,Washington,CB,"6'3""",196,SR,https://gohuskies.com/sports/football/roster/ephesians-prysock/16686
181,--,Mason Reiger,Wisconsin,EDGE,"6'5""",251,GR,https://uwbadgers.com/sports/football/roster/mason-reiger/14178
182,+25,Jack Kelly,BYU,OLB,"6'2""",240,RSR,https://byucougars.com/sports/football/roster/player/jack-kelly
183,+30,Eli Heidenreich,Navy,RB,"6'0""",198,SR,https://navysports.com/sports/football/roster/eli-heidenreich/28603
184,--,Joe Royer,Cincinnati,TE,"6'5""",247,RSR,https://gobearcats.com/sports/football/roster/joe-royer/13297
185,+20,Hezekiah Masses,California,CB,"6'1""",179,SR,https://calbears.com/sports/football/roster/hezekiah-masses/26305
186,--,Ar'Maj Reed-Adams,Texas A&M,OG,"6'6""",314,RSR,https://12thman.com/sports/football/roster/Ar'maj-Reed-Adams/14683
187,+30,Colbie Young,Georgia,WR,"6'5""",218,RSR,https://georgiadogs.com/sports/football/roster/colbie-young/9586
188,--,Jimmy Rolder,Michigan,ILB,"6'3""",238,SR,https://mgoblue.com/sports/football/roster/jimmy-rolder/26753
189,--,J'Mari Taylor,Virginia,RB,"5'10""",199,RSR,https://virginiasports.com/player/jmari-taylor/
190,-35,Zxavian Harris,Ole Miss,DL1T,"6'8""",330,SR,https://olemisssports.com/sports/football/roster/zxavian-harris/5845
191,--,Louis Moore,Indiana,S,"5'11""",191,RSR,https://iuhoosiers.com/sports/football/roster/louis-moore/20173
192,--,Jordan van den Berg,Georgia Tech,DL3T,"6'3""",310,RSR,https://ramblinwreck.com/roster/jordan-van-den-berg/
193,-35,Domani Jackson,Alabama,CB,"6'1""",194,SR,https://rolltide.com/sports/football/roster/domani-jackson/13797
194,--,Aiden Fisher,Indiana,ILB,"6'1""",232,SR,https://iuhoosiers.com/sports/football/roster/aiden-fisher/19956
195,+30,Riley Nowakowski,Indiana,TE,"6'2""",250,RSR,https://iuhoosiers.com/sports/football/roster/riley-nowakowski/20176
196,+30,Will Kacmarek,Ohio State,TE,"6'5""",261,GR,https://ohiostatebuckeyes.com/sports/football/roster/will-kacmarek/12274
197,-25,D.J. Campbell,Texas,OG,"6'3""",313,SR,https://texaslonghorns.com/sports/football/roster/dj-campbell/14416
198,+45,Red Murdock,Buffalo,ILB,"6'2""",232,RJR,https://ubbulls.com/sports/football/roster/red-murdock/8408
199,--,Skyler Gill-Howard,Texas Tech,DL5T,"6'1""",280,SR,https://texastech.com/sports/football/roster/skyler-gillhoward/13785
200,+75,Febechi Nwaiwu,Oklahoma,OG,"6'4""",319,RSR,https://soonersports.com/sports/football/roster/febechi-nwaiwu/17354
201,-20,Jager Burton,Kentucky,OC,"6'4""",312,RSR,https://ukathletics.com/sports/football/roster/player/jager-burton/
202,--,Lander Barton,Utah,ILB,"6'5""",233,SR,https://utahutes.com/sports/football/roster/lander-barton/16550
203,--,Josh Cuevas,Alabama,TE,"6'3""",245,RSR,https://rolltide.com/sports/football/roster/josh-cuevas/13778
204,-20,Jaeden Roberts,Alabama,OG,"6'5""",333,RSR,https://rolltide.com/sports/football/roster/jaeden-roberts/13831
205,--,Kaelon Black,Indiana,RB,"5'10""",211,RSR,https://iuhoosiers.com/sports/football/roster/kaelon-black/20915
206,+90,Logan Taylor,Boston College,OG,"6'7""",314,RSR,https://bceagles.com/sports/football/roster/logan-taylor/25629
207,--,Aamil Wagner,Notre Dame,OT,"6'6""",306,RJR,https://fightingirish.com/roster/aamil-wagner/
208,--,Landon Robinson,Navy,DL5T,"6'0""",287,SR,https://navysports.com/sports/football/roster/landon-robinson/28666
209,+40,Eric Gentry,USC,OLB,"6'7""",221,RSR,https://usctrojans.com/sports/football/roster/eric-gentry/17544
210,-40,C.J. Daniels,Miami (FL),WR,"6'2""",202,RSR,https://lsusports.net/sports/fb/roster/player/cj-daniels/
211,+35,Enrique Cruz Jr.,Kansas,OT,"6'6""",313,RSR,https://kuathletics.com/sports/football/roster/enrique-cruz-jr/16503
212,--,Adam Randall,Clemson,RB,"6'3""",232,SR,https://clemsontigers.com/sports/football/roster/adam-randall/
213,--,Josh Cameron,Baylor,WR,"6'1""",220,RSR,https://baylorbears.com/sports/football/roster/josh-cameron/14058
214,-25,Micah Morris,Georgia,OG,"6'5""",334,RSR,https://georgiadogs.com/sports/football/roster/micah-morris/9555
215,--,Pat Coogan,Indiana,OC,"6'5""",311,RSR,https://fightingirish.com/roster/pat-coogan/
216,--,Patrick Payton,LSU,EDGE,"6'5""",260,RSR,https://lsusports.net/sports/fb/roster/player/patrick-payton/
217,+40,Noah Whittington,Oregon,RB,"5'8""",205,RSR,https://goducks.com/sports/football/roster/noah-whittington/17430
218,+30,Kendrick Law,Kentucky,WR,"5'11""",203,SR,https://ukathletics.com/sports/football/roster/player/kendrick-law/
219,-35,Sawyer Robertson,Baylor,QB,"6'4""",216,RSR,https://baylorbears.com/sports/football/roster/sawyer-robertson/14099
220,--,Trey Moore,Texas,EDGE,"6'2""",243,RSR,https://texaslonghorns.com/sports/football/roster/trey-moore/14374
221,--,Dae'Quan Wright,Ole Miss,TE,"6'4""",246,SR,https://olemisssports.com/sports/football/roster/dae-quan-wright/5293
222,+40,Malik Benson,Oregon,WR,"6'0""",189,RSR,https://goducks.com/sports/football/roster/malik-benson/17436
223,--,Quintayvious Hutchins,Boston College,EDGE,"6'3""",233,RSR,https://bceagles.com/sports/football/roster/quintayvious-hutchins/25598
224,--,Vincent Anthony,Duke,EDGE,"6'6""",258,SR,https://goduke.com/sports/football/roster/vincent-anthony-jr-/21728
225,+125,Rene Konga,Louisville,DL5T,"6'4""",300,RSR,https://gocards.com/sports/football/roster/rene-konga/15881
226,-40,Lorenzo Styles Jr.,Ohio State,S,"6'1""",194,GR,https://ohiostatebuckeyes.com/sports/football/roster/lorenzo-styles-jr-/12316
227,--,Thaddeus Dixon,North Carolina,CB,"6'1""",195,RSR,https://goheels.com/sports/football/roster/thaddeus-dixon/26893
228,--,Justin Jefferson,Alabama,ILB,"6'0""",223,RSR,https://rolltide.com/sports/football/roster/justin-jefferson/13798
229,--,Caleb Douglas,Texas Tech,WR,"6'3""",206,SR,https://texastech.com/sports/football/roster/caleb-douglas/13706
230,--,Ethan Burke,Texas,EDGE,"6'6""",259,SR,https://texaslonghorns.com/sports/football/roster/ethan-burke/14439
231,--,Roman Hemby,Indiana,RB,"6'0""",207,RSR,https://iuhoosiers.com/sports/football/roster/roman-hemby/20162
232,+35,Fa'alili Fa'amoe,Wake Forest,OT,"6'5""",311,RSR,https://godeacs.com/sports/football/roster/faalili-faamoe/8700
233,--,Collin Wright,Stanford,CB,"6'0""",188,RJR,https://gostanford.com/sports/football/roster/player/collin-wright
234,+35,Matt Gulbin,Michigan State,OC,"6'4""",305,RSR,https://msuspartans.com/sports/football/roster/matt-gulbin/16042
235,--,Owen Heinecke,Oklahoma,ILB,"6'2""",227,RJR,https://soonersports.com/sports/football/roster/owen-heinecke/19334
236,--,Max Bredeson,Michigan,FB,"6'2""",252,RSR,https://mgoblue.com/sports/football/roster/max-bredeson/26696
237,+20,Cameron Ball,Arkansas,DL3T,"6'4""",310,RSR,https://arkansasrazorbacks.com/roster/cameron-ball/
238,--,Jaydn Ott,Oklahoma,RB,"6'0""",210,SR,https://calbears.com/sports/football/roster/jaydn-ott/24281
239,-45,Eric McAlister,TCU,WR,"6'4""",194,RSR,https://gofrogs.com/sports/football/roster/eric-mcalister/17421
240,+40,Alex Harkey,Oregon,OG,"6'6""",308,RSR,https://goducks.com/sports/football/roster/alex-harkey/17437
241,--,T.J.Hall,Iowa,CB,"6'1""",195,SR,https://hawkeyesports.com/sports/football/roster/player/tj-hall
242,--,Deven Eastern,Minnesota,DL1T,"6'5""",315,RSR,https://gophersports.com/sports/football/roster/deven-eastern/23027
243,--,Zach Durfee,Washington,EDGE,"6'5""",247,RSR,https://gohuskies.com/sports/football/roster/zach-durfee/16644
244,-75,Eric Rivers,Georgia Tech,WRS,"5'10""",176,RSR,https://ramblinwreck.com/roster/eric-rivers/
245,--,Fernando Carmona Jr.,Arkansas,OG,"6'5""",316,RSR,https://arkansasrazorbacks.com/roster/fernando-carmona/
246,--,Jalon Daniels,Kansas,QB,"6'1""",219,RSR,https://kuathletics.com/sports/football/roster/jalon-daniels/16182
247,--,Tanner Koziol,Houston,TE,"6'6""",247,RSR,https://uhcougars.com/sports/football/roster/tanner-koziol/9491
248,--,Bryson Eason,Tennessee,DL1T,"6'2""",323,RSR,https://utsports.com/sports/football/roster/bryson-eason/21991
249,+20,Uar Bernard,IPP - Nigeria,DL3T,"6'4""",306,NA,https://europlayers.com/ViewProfilePlayer.aspx?ProfileId=98895
250,--,Jakobe Thomas,Miami (FL),S,"6'1""",211,RSR,https://miamihurricanes.com/roster/jakobe-thomas/
251,--,Anez Cooper,Miami (FL),OG,"6'6""",334,SR,https://miamihurricanes.com/roster/anez-cooper/
252,--,Mikail Kamara,Indiana,EDGE,"6'0""",265,RSR,https://iuhoosiers.com/sports/football/roster/mikail-kamara/19974
253,--,George Gumbs,Florida,EDGE,"6'4""",245,RSR,https://floridagators.com/sports/football/roster/george-gumbs-jr/17587
254,--,Luke Altmyer,Illinois,QB,"6'2""",210,RSR,https://fightingillini.com/sports/football/roster/luke-altmyer/15079
255,+20,David Gusta,Kentucky,DL3T,"6'2""",308,RSR,https://ukathletics.com/sports/football/roster/player/david-gusta/
256,+70,Jam Miller,Alabama,RB,"5'10""",209,SR,https://rolltide.com/sports/football/roster/jam-miller/13815
257,+75,Chip Trayanum,Toledo,RB,"5'11""",227,SR,https://utrockets.com/sports/football/roster/chip-trayanum/10061
258,--,Diego Pavia,Vanderbilt,QB,"5'10""",207,RSR,https://vucommodores.com/roster/diego-pavia/
259,+25,Cyrus Allen,Cincinnati,WR,"5'11""",180,SR,https://gobearcats.com/sports/football/roster/player/cyrus-allen
260,--,Xavier Nwankpa,Iowa,S,"6'2""",208,SR,https://hawkeyesports.com/sports/football/roster/player/xavier-nwankpa
261,--,Rahsul Faison,South Carolina,RB,"5'11""",208,GR,https://gamecocksonline.com/sports/football/roster/player/rahsul-faison/
262,+45,Alan Herron,Maryland,OT,"6'5""",308,SR,https://umterps.com/sports/football/roster/alan-herron/14700
263,--,Xavian Sorey Jr.,Arkansas,OLB,"6'2""",228,RSR,https://arkansasrazorbacks.com/roster/xavian-sorey-jr/
264,+75,J. Michael Sturdivant,Florida,WR,"6'3""",207,RSR,https://floridagators.com/sports/football/roster/j--michael-sturdivant/17679
265,--,Zavion Thomas,LSU,WRS,"5'10""",190,SR,https://lsusports.net/sports/fb/roster/player/zavion-thomas/
266,-35,Aaron Anderson,LSU,WRS,"5'8""",191,RJR,https://lsusports.net/sports/fb/roster/player/aaron-anderson/
267,--,Kendal Daniels,Oklahoma,OLB,"6'5""",242,RSR,https://soonersports.com/sports/football/roster/kendal-daniels/19456
268,--,Bryan Thomas Jr.,South Carolina,EDGE,"6'2""",249,SR,https://gamecocksonline.com/sports/football/roster/player/bryan-thomas-jr/
269,--,Kaden Wetjen,Iowa,WRS,"5'9""",193,RSR,https://hawkeyesports.com/sports/football/roster/player/kaden-wetjen
270,+65,Riley Mahlman,Wisconsin,OT,"6'7""",308,RSR,https://uwbadgers.com/sports/football/roster/riley-mahlman/14122
271,--,Carver Willis,Washington,OT,"6'5""",303,RSR,https://gohuskies.com/sports/football/roster/carver-willis/16831
272,--,Brandon Cleveland,NC State,DL3T,"6'3""",307,SR,https://gopack.com/sports/football/roster/brandon-cleveland/15231
273,--,Cian Slone,NC State,EDGE,"6'4""",252,RSR,https://utahstateaggies.com/sports/football/roster/cian-slone/10334
274,+65,Haynes King,Georgia Tech,QB,"6'2""",212,RSR,https://ramblinwreck.com/roster/haynes-king/
275,--,Robert Henry Jr.,UTSA,RB,"5'9""",196,RSR,https://goutsa.com/sports/football/roster/player/robert-henry
276,--,Aaron Graves,Iowa,DL3T,"6'4""",300,SR,https://hawkeyesports.com/sports/football/roster/player/aaron-graves
277,--,Karson Sharar,Iowa,ILB,"6'2""",231,RSR,https://hawkeyesports.com/sports/football/roster/player/karson-sharar
278,-40,Chase Roberts,BYU,WR,"6'3""",209,RSR,https://byucougars.com/sports/football/roster/player/chase-roberts
279,--,James Thompson Jr.,Illinois,DL3T,"6'5""",310,RSR,https://fightingillini.com/sports/football/roster/james-thompson-jr-/15193
280,+100,Ceyair Wright,Nebraska,CB,"6'0""",180,RSR,https://huskers.com/sports/football/roster/player/ceyair-wright
281,--,Gary Smith III,UCLA,DL1T,"6'1""",319,SR,https://uclabruins.com/sports/football/roster/gary-smith-iii/15180
282,+999,Larry Worth III,Arkansas,S,"6'4""",220,RSR,0
283,+100,Caden Barnett,Wyoming,OG,"6'5""",320,SR,https://gowyo.com/sports/football/roster/caden-barnett/11376
284,--,Harrison Wallace III,Ole Miss,WR,"6'0""",192,RSR,https://olemisssports.com/sports/football/roster/harrison-wallace-iii/5957
285,+999,Gavin Ortega,Weber State,OT,"6'5""",304,SR,0
286,--,Michael Heldman,Central Michigan,EDGE,"6'4""",260,SR,https://cmuchippewas.com/sports/football/roster/michael-heldman/6750
287,--,Robert Spears-Jennings,Oklahoma,S,"6'2""",205,SR,https://soonersports.com/sports/football/roster/robert-spearsjennings/19443
288,+55,Joey Aguilar,Tennessee,QB,"6'3""",229,RSR,https://utsports.com/sports/football/roster/joey-aguilar/22267
289,--,Nolan Rucci,Penn State,OT,"6'7""",308,RSR,https://gopsusports.com/sports/football/roster/nolan-rucci/15638
290,+100,Josh Moten,Southern Miss,CB,"6'0""",174,RSR,https://southernmiss.com/sports/football/roster/josh-moten/10166
291,--,Jack Dingle,Cincinnati,ILB,"6'4""",240,RSR,https://gobearcats.com/sports/football/roster/player/jack-dingle
292,--,Ahmari Harvey,Georgia Tech,CB,5'11',185,RSR,https://ramblinwreck.com/roster/ahmari-harvey/
293,--,Andre Fuller,Toledo,CB,"6'1""",200,SR,https://utrockets.com/sports/football/roster/andre-fuller/9974
294,--,Evan Beerntsen,Northwestern,OG,"6'4""",301,RSR,https://nusports.com/sports/football/roster/evan-beerntsen/12536
295,+999,Ernest Hausmann,Michigan,OLB,"6'1""",226,SR,https://mgoblue.com/sports/football/roster/ernest-hausmann/26715
296,+80,Jaden Dugger,Louisiana,OLB,"6'4""",250,SR,https://ragincajuns.com/sports/football/roster/jaden-dugger/10061
297,+65,James Brockermeyer,Miami (FL),OC,"6'3""",295,RSR,https://miamihurricanes.com/roster/james-brockermeyer/
298,--,Ethan Hurkett,Iowa,EDGE,"6'3""",244,RSR,https://hawkeyesports.com/sports/football/roster/player/ethan-hurkett
299,+100,Wade Woodaz,Clemson,OLB,"6'3""",236,SR,https://clemsontigers.com/sports/football/roster/wade-woodaz/
300,--,Namdi Obiazor,TCU,OLB,"6'3""",229,SR,https://gofrogs.com/sports/football/roster/namdi-obiazor/17426
301,+120,Michael Coats Jr.,West Virginia,CBN,"5'9""",178,RSR,https://wvusports.com/sports/football/roster/michael-coats-jr-/18901
302,--,Eric O'Neill,Rutgers,EDGE,"6'3""",250,RSR,https://scarletknights.com/sports/football/roster/eric-o-neill/15497
303,--,Tristan Leigh,Clemson,OT,"6'6""",315,RSR,https://clemsontigers.com/sports/football/roster/tristan-leigh/
304,+40,Scooby Williams,Texas A&M,ILB,"6'2""",231,RSR,https://12thman.com/sports/football/roster/scooby-williams/14719
305,--,Jordan Hudson,SMU,WR,"6'1""",191,SR,https://smumustangs.com/sports/football/roster/jordan-hudson/14964
306,--,Latrell McCutchin Sr.,Houston,CB,"6'2""",191,SR,https://uhcougars.com/sports/football/roster/latrell-mccutchin-sr/9299
307,--,Wes Pahl,Oklahoma State,P,"6'5""",205,RSR,https://okstate.com/sports/football/roster/wes-pahl/13676
308,--,Caullin Lacy,Louisville,WRS,"5'9""",183,RSR,https://gocards.com/sports/football/roster/caullin-lacy/15956
309,+75,Joe Fagnano,UConn,QB,"6'3""",226,GR,https://uconnhuskies.com/sports/football/roster/joe-fagnano/14802
310,+35,John Michael Gyllenborg,Wyoming,TE,"6'6""",249,SR,https://gowyo.com/sports/football/roster/john-michael-gyllenborg/11400
311,--,D.J. Rogers,TCU,TE,"6'4""",258,RSR,https://gofrogs.com/sports/football/roster/dj-rogers/17433
312,--,Cole Brevard,Texas,DL1T,"6'2""",346,RSR,https://texaslonghorns.com/sports/football/roster/cole-brevard/14468
313,+100,Carsen Ryan,BYU,TE,"6'3""",255,RSR,https://byucougars.com/sports/football/roster/player/carsen-ryan
314,--,Dalton Johnson,Arizona,S,"5'11""",192,SR,https://arizonawildcats.com/sports/football/roster/dalton-johnson/18400
315,--,Garrett DiGiorgio,UCLA,OG,"6'7""",319,RSR,https://uclabruins.com/sports/football/roster/garrett-digiorgio/15155
316,--,T.J. Guy,Michigan,EDGE,"6'4""",250,RSR,https://mgoblue.com/sports/football/roster/tj-guy/26710
317,--,Mitchell Melton,Virginia,EDGE,"6'3""",253,RSR,https://virginiasports.com/sports/football/roster/player/mitchell-melton
318,--,R.J. Maryland,SMU,TE,"6'4""",236,SR,https://smumustangs.com/sports/football/roster/rj-maryland/14978
319,+999,Sam Hagen,South Dakota State,OG,"6'6""",329,RSR,0
320,+60,Vinny Anthony II,Wisconsin,WR,"6'0""",183,SR,https://uwbadgers.com/sports/football/roster/vinny-anthony-ii/14078
321,-30,Chris Adams,Memphis,OT,"6'5""",311,RSR,https://gotigersgo.com/sports/football/roster/chris-adams/11854
322,-30,Behren Morton,Texas Tech,QB,"6'2""",221,SR,https://texastech.com/sports/football/roster/behren-morton/13738
323,--,Damonic Williams,Oklahoma,DL3T,"6'2""",305,SR,https://soonersports.com/sports/football/roster/damonic-williams/19234
324,--,Austin Brown,Wisconsin,S,"6'1""",215,SR,https://uwbadgers.com/sports/football/roster/austin-brown/14089
325,--,Desmond Reid,Pittsburgh,RB,"5'6""",174,SR,https://pittsburghpanthers.com/sports/football/roster/desmond-reid/14312
326,--,Jack Pyburn,LSU,EDGE,"6'4""",258,SR,https://lsusports.net/sports/fb/roster/player/jack-pyburn/
327,--,Trebor Pena,Penn State,WR,"5'11""",184,RSR,https://cuse.com/sports/football/roster/Trebor-Pena/24489
328,--,Stephen Daley,Indiana,EDGE,"6'1""",273,SR,https://iuhoosiers.com/sports/football/roster/stephen-daley/20287
329,--,Khalil Jacobs,Missouri,OLB,"6'1""",228,SR,https://mutigers.com/sports/football/roster/khalil-jacobs/28632
330,--,Wesley Williams,Duke,EDGE,"6'3""",256,RJR,https://goduke.com/sports/football/roster/wesley-williams/21832
331,--,Isaiah Smith,SMU,EDGE,"6'4""",248,SR,https://smumustangs.com/sports/football/roster/isaiah-smith/15006
332,+999,David Blay Jr.,Miami,DL3T,"6'2""",292,RSR,0
333,+60,Delby Lemieux,Dartmouth,OC,"6'4""",280,SR,https://dartmouthsports.com/sports/football/roster/delby-lemieux/40058
334,--,Avery Smith,Toledo,CB,"5'11""",196,SR,https://utrockets.com/sports/football/roster/avery-smith/10022
335,+999,Zion Washington,Boise State,S,"6'1""",208,RSR,0
336,--,Bauer Sharp,LSU,TE,"6'5""",249,RSR,https://lsusports.net/sports/fb/roster/player/bauer-sharp/
337,--,Ben Bell,Virginia Tech,EDGE,"6'2""",255,RSR,https://hokiesports.com/sports/football/roster/player/ben-bell
338,+999,Erick Hunter,Morgan State,OLB,"6'2""",224,SR,0
339,--,Anterio Thompson,Washington,DL3T,"6'3""",310,SR,https://gohuskies.com/sports/football/roster/anterio-thompson/16829
340,--,Barion Brown,LSU,WR,"5'11""",177,SR,https://lsusports.net/sports/fb/roster/player/barion-brown/
341,+50,C.J. Donaldson,Ohio State,RB,"6'2""",230,SR,https://ohiostatebuckeyes.com/sports/football/roster/cj-donaldson/12349
342,--,Emmanuel Henderson,Kansas,WR,"6'1""",185,SR,https://kuathletics.com/sports/football/roster/emmanuel-henderson-jr/16265
343,+999,Jordan White,Vanderbilt,OC,"6'2""",293,RSR,0
344,--,Kobe Baynes,Kansas,OG,"6'4""",315,RSR,https://kuathletics.com/sports/football/roster/kobe-baynes/16168
345,--,Jackie Marshall,Baylor,DL5T,"6'3""",293,RSR,https://baylorbears.com/sports/football/roster/jackie-marshall/14089
346,-50,Ty Montgomery,John Carroll,WR,"6'1""",185,SR,https://jcusports.com/sports/football/roster/tyren-montgomery/17562
347,--,Quinn Urwiler,Northern Illinois,ILB,"6'0""",226,RSR,https://niuhuskies.com/sports/football/roster/quinn-urwiler/17909
348,--,Dillon Bell,Georgia,WR,"6'1""",209,SR,https://georgiadogs.com/sports/football/roster/dillon-bell/9502
349,--,Mohamed Toure,Miami (FL),ILB,"6'1""",236,RSR,https://miamihurricanes.com/roster/mohamed-toure/
350,+100,Jaylon Guilbeau,Texas,CBN,"5'11""",190,SR,https://texaslonghorns.com/sports/football/roster/jaylon-guilbeau/14367
351,+100,Micah Pettus,Florida State,OT,"6'7""",349,RSR,https://seminoles.com/sports/football/roster/micah-pettus/7851
352,--,Lake McRee,USC,TE,"6'4""",243,RSR,https://usctrojans.com/sports/football/roster/lake-mcree/17560
353,+125,Kentrel Bullock,South Alabama,RB,"5'10""",205,RSR,https://usajaguars.com/sports/football/roster/kentrel--bullock/12349
354,+999,Mory Bamba,BYU,CB,"6'2""",193,RSR,0
355,+100,Athan Kaliakmanis,Rutgers,QB,"6'3""",212,RSR,https://scarletknights.com/sports/football/roster/athan-kaliakmanis/15414
356,--,Jaren Kanak,Oklahoma,TE,"6'2""",234,SR,https://soonersports.com/sports/football/roster/jaren-kanak/19342
357,--,Marcus Allen,North Carolina,CB,"6'2""",187,SR,https://goheels.com/sports/football/roster/marcus-allen/26750
358,+130,Max Tomczak,Youngstown State,WRS,"6'0""",195,SR,https://ysusports.com/sports/football/roster/max-tomczak/7945
359,+999,Corey Robinson II,Arkansas,OT,"6'5""",311,RSR,0
360,--,Khalil Dinkins,Penn State,TE,"6'4""",251,RSR,https://gopsusports.com/sports/football/roster/player/khalil-dinkins
361,+100,Dane Key,Nebraska,WR,"6'2""",210,SR,https://huskers.com/sports/football/roster/player/dane-key
362,--,Will Pauling,Notre Dame,WRS,"5'10""",190,RSR,https://uwbadgers.com/sports/football/roster/will-pauling/13042
363,--,Aidan Hubbard,Northwestern,EDGE,"6'5""",260,GR,https://nusports.com/sports/football/roster/aidan-hubbard/12473
364,--,Keyshawn James-Newby,New Mexico,EDGE,"6'2""",244,SR,https://golobos.com/sports/football/roster/player/keyshawn-james-newby
365,--,Kevin Jobity Jr.,Syracuse,DL3T,"6'4""",300,SR,https://cuse.com/sports/football/roster/kevin-jobity-jr/24469
366,--,Jackson Kuwatch,Miami (OH),OLB,"6'4""",232,RSR,https://miamiredhawks.com/sports/football/roster/jackson-kuwatch/10340
367,--,Tyre West,Tennessee,DL5T,"6'3""",290,SR,https://utsports.com/sports/football/roster/tyre-west/22048
368,--,Josh Gesky,Illinois,OG,"6'4""",335,RSR,https://fightingillini.com/sports/football/roster/josh-gesky/15020
369,+150,Joe Cooper,Slippery Rock,OT,"6'7""",320,RSR,https://rockathletics.com/sports/football/roster/joe-cooper/36921
370,--,Kody Huisman,Virginia Tech,DL1T,"6'3""",297,RSR,https://hokiesports.com/sports/football/roster/player/kody-huisman
371,--,Dillon Wade,Auburn,OG,"6'3""",316,RSR,https://auburntigers.com/sports/football/roster/season/2025/player/dillon-wade
372,+999,Jeadyn Lukus,Clemson,CB,"6'2""",205,RSR,0
373,--,Joshua Braun,Kentucky,OG,"6'6""",325,RSR,https://ukathletics.com/sports/football/roster/player/joshua-braun/
374,--,Trey Smack,Florida,PK,"6'1""",202,SR,https://floridagators.com/sports/football/roster/trey-smack/17630
375,--,Nyjalik Kelly,UCF,EDGE,"6'5""",256,SR,https://ucfknights.com/sports/football/roster/player/nyjalik-kelly
376,--,Dasan McCullough,Nebraska,EDGE,"6'4""",235,SR,https://huskers.com/sports/football/roster/player/dasan-mccullough
377,--,D.Q. Smith,South Carolina,S,"6'1""",219,SR,https://gamecocksonline.com/sports/football/roster/player/dq-smith/
378,+999,Jayden Williams,Ole Miss,OG,"6'5""",307,RSR,0
379,--,Jalen Walthall,Incarnate Word,WR,"6'1""",191,RSR,https://uiwcardinals.com/sports/football/roster/jalen-walthall/12101
380,--,Brent Austin,Cal,CB,"5'11""",180,SR,https://calbears.com/sports/football/roster/brent-austin/26696
381,--,Dean Conners,Houston,RB,"6'0""",206,SR,https://uhcougars.com/sports/football/roster/dean-connors/9353
382,--,Lewis Bond,Boston College,WR,"5'10""",199,RSR,https://bceagles.com/sports/football/roster/lewis-bond/25563
383,--,Dan Villari,Syracuse,TE,"6'4""",245,RSR,https://cuse.com/sports/football/roster/dan-villari/24506
384,+999,Parker Hughes,Middle Tennessee,OLB,"6'1""",228,SR,0
385,--,Wesley Bissainthe,Miami (FL),OLB,"6'2""",225,SR,https://miamihurricanes.com/roster/wesley-bissainthe/
386,--,Marvin Jones Jr.,Oklahoma,EDGE,"6'5""",245,SR,https://soonersports.com/sports/football/roster/marvin-jones-jr/19458
387,--,Shad Banks Jr.,UTSA,ILB,"6'0""",230,RSR,https://goutsa.com/sports/football/roster/player/shad-banks-jr
388,--,Tommy Doman,Florida,P,"6'4""",215,RSR,https://floridagators.com/sports/football/roster/tommy-doman/17678
389,--,Khordae Sydnor,Vanderbilt,EDGE,"6'3""",272,RSR,https://vucommodores.com/roster/khordae-sydnor/
390,+100,Anthony Smith,East Carolina,WR,"6'3""",189,RSR,https://ecupirates.com/sports/football/roster/anthony-smith/13735
391,--,Connor Tollison,Missouri,OC,"6'4""",209,RSR,https://mutigers.com/sports/football/roster/connor-tollison/28667
392,--,Jamal Haynes,Georgia Tech,RB,"5'9""",190,RSR,https://ramblinwreck.com/roster/jamal-haynes/
393,--,Lance Mason,Wisconsin,TE,"6'4""",250,SR,https://uwbadgers.com/sports/football/roster/lance-mason/14252
394,--,Matthew Hibner,SMU,TE,"6'4""",251,RSR,https://smumustangs.com/sports/football/roster/matthew-hibner/14962
395,--,Ahmaad Moses,SMU,S,"5'9""",196,SR,https://smumustangs.com/sports/football/roster/ahmaad-moses/14987
396,--,Donaven McCulley,Michigan,WR,"6'4""",203,GR,https://mgoblue.com/sports/football/roster/donaven-mcculley/26773
397,--,Jayden Loving,Wake Forest,DL3T,"6'2""",308,RSR,https://godeacs.com/sports/football/roster/jayden-loving/8708
398,--,Cam'Ron Stewart,Temple,EDGE,"6'4""",250,RSR,https://owlsports.com/sports/football/roster/cam-ron-stewart/17984
399,--,Bobby Jamison-Travis,Auburn,DL1T,"6'3""",328,SR,https://auburntigers.com/sports/football/roster/player/bobby-jamison-travis
400,--,Jalen Stroman,Notre Dame,S,"6'1""",201,RSR,https://fightingirish.com/roster/jalen-stroman/
401,+999,Kenzel Lawler,Montana,CBN,"5'11""",193,SR,0
402,--,West Weeks,LSU,ILB,"6'2""",235,GR,https://lsusports.net/sports/fb/roster/player/west-weeks/
403,--,Kahlil Benson,Indiana,OT,"6'5""",319,RSR,https://iuhoosiers.com/sports/football/roster/kahlil-benson/20149
404,--,Jalen McMurray,Tennessee,CB,"6'0""",187,RSR,https://utsports.com/sports/football/roster/jalen-mcmurray/22021
405,--,Jaren Kump,Utah,OC,"6'6""",315,RSR,https://utahutes.com/sports/football/roster/jaren-kump/16599
406,--,Fred Davis II,Northwestern,CB,"6'0""",197,RSR,https://nusports.com/sports/football/roster/fred-davis-ii/12552
407,--,Miles Kitselman,Tennessee,TE,"6'5""",251,RSR,https://utsports.com/sports/football/roster/miles-kitselman/22015
408,--,Caden Fordham,NC State,OLB,"6'1""",230,SR,https://gopack.com/sports/football/roster/caden-fordham/15240
409,--,Ryan Eckley,Michigan State,P,"6'2""",207,SR,https://msuspartans.com/sports/football/roster/ryan-eckley/15974
410,--,Kolbey Taylor,Vanderbilt,CB,"6'3""",190,GR,https://vucommodores.com/roster/kolbey-taylor/
411,--,Desmond Purnell,Kansas State,ILB,"5'11""",232,RSR,https://www.kstatesports.com/sports/football/roster/desmond-purnell/12547
412,--,Omari Evans,Washington,WR,"6'0""",195,SR,https://gohuskies.com/sports/football/roster/omari-evans/16840
413,--,Hank Beatty,Illinois,WRS,"5'10""",185,SR,https://fightingillini.com/sports/football/roster/hank-beatty/15002
414,--,Josh Thompson,LSU,OG,"6'5""",301,RSR,https://lsusports.net/sports/fb/roster/player/josh-thompson/
415,--,Seydou Traore,Mississippi State,TE,"6'4""",235,RSR,https://hailstate.com/sports/football/roster/seydou-traore/12337
416,--,Kahlil Saunders,Kentucky,DL3T,"6'4""",293,RSR,https://ukathletics.com/sports/football/roster/player/kahlil-saunders/
417,--,James Neal,Iowa State,OT,"6'5""",325,RSR,https://cyclones.com/sports/football/roster/james-neal-iii/13716
418,+999,Tanner Arkin,Illinois,TE,"6'3""",262,RSR,0
419,+100,Ethan Onianwa,Ohio State,OG,"6'6""",345,RSR,https://ohiostatebuckeyes.com/sports/football/roster/ethan-onianwa/12354
420,--,Terion Stewart,Virginia Tech,RB,"5'9""",222,RSR,https://hokiesports.com/sports/football/roster/player/terion-stewart
421,--,Malik Spencer,Michigan State,S,"6'1""",192,SR,https://msuspartans.com/sports/football/roster/malik-spencer/16019
422,--,Miller Moss,Louisville,QB,"6'2""",205,RSR,https://gocards.com/sports/football/roster/miller-moss/15998
423,+999,Jack Walsh,Wyoming,OC,"6'3""",304,RSR,0
424,--,Coleman Bennett,Kennisaw State,RB,"5'11""",203,RSR,https://ksuowls.com/sports/football/roster/coleman-bennett/13871
425,--,Kansei Matsuzawa,Hawaii,PK,"6'2""",200,SR,https://hawaiiathletics.com/sports/football/roster/kansei-matsuzawa/21978
426,--,Nick Dawkins,Penn State,OC,"6'3""",298,RSR,https://gopsusports.com/sports/football/roster/player/nick-dawkins
427,--,Myles Terry,North Dakota,EDGE,"6'1""",242,RSR,https://fightinghawks.com/sports/football/roster/myles-terry/12759
428,+999,Evan Svoboda,Wyoming,TE,"6'5""",248,RSR,0
429,--,Nick Andersen,Wake Forest,S,"5'11""",197,RSR,https://godeacs.com/sports/football/roster/nick-andersen/8614
430,--,Al'Zillion Hamilton,Fresno State,CBN,"5'11""",185,SR,https://gobulldogs.com/sports/football/roster/al-zillion-hamilton/15607
431,--,Mark Gronowski,Iowa,QB,"6'2""",230,RSR,https://hawkeyesports.com/sports/football/roster/player/mark-gronowski
432,--,Wydett Williams Jr.,Ole Miss,S,"6'2""",210,SR,https://olemisssports.com/sports/football/roster/wydett-williams-jr-/6068
433,--,Noah Thomas,Georgia,WR,"6'5""",200,SR,https://georgiadogs.com/sports/football/roster/noah-thomas/9614
434,+999,Stephen Hall,Missouri,CB,"6'0""",210,SR,0
435,--,Micah Davey,UTEP,ILB,"6'2""",235,SR,https://utepminers.com/sports/football/roster/micah-davey/11804
436,+100,Ayden Garnes,Arizona,CB,"6'0""",183,RSR,https://arizonawildcats.com/sports/football/roster/ayden--garnes/18477
437,--,O'Mega Blake,Arkansas,WR,"6'1""",187,RSR,https://arkansasrazorbacks.com/roster/omega-blake/
438,--,Xavion Alford,Arizona State,S,"6'0""",200,RJR,https://thesundevils.com/sports/football/roster/player/xavion-alford
439,--,Jacob De Jesus,Cal,WRS,"5'7""",170,SR,https://calbears.com/sports/football/roster/jacob-de-jesus/26293
440,--,Kam Dewberry,Alabama,OG,"6'4""",332,SR,https://rolltide.com/sports/football/roster/kam-dewberry/13862
441,--,Al-Jay Henderson,Buffalo,RB,"5'10""",216,RSR,https://ubbulls.com/sports/football/roster/al-jay-henderson/8295
442,--,Sebastian Harsh,NC State,EDGE,"6'3""",263,RSR,https://gopack.com/sports/football/roster/sabastian-harsh/15405
443,--,Karon Prunty,Wake Forest,CB,"6'2""",192,RSR,https://godeacs.com/sports/football/roster/karon-prunty/8712
444,--,Joshua Eaton,Michigan State,CB,"6'1""",189,RSR,https://msuspartans.com/sports/football/roster/joshua-eaton/16041
445,+100,Brady Boyd,Utah State,WR,"6'1""",195,RSR,https://utahstateaggies.com/sports/football/roster/brady-boyd/11154
446,+100,Kejon Owens,FIU,RB,"5'10""",210,RSR,https://fiusports.com/sports/football/roster/kejon-owens/13122
447,+100,Derek Simmons,Oklahoma,OT,"6'5""",317,RSR,https://soonersports.com/sports/football/roster/derek-simmons/19475
448,--,Damonte Smith,Middle Tennessee State,DL3T,"6'1""",301,RSR,https://goblueraiders.com/sports/football/roster/damonte-smith/14014
449,--,Cole Wisniewski,Texas Tech,S,"6'3""",218,RSR,https://texastech.com/sports/football/roster/cole-wisniewski/13781
450,--,Logan Diggs,Ole Miss,RB,"6'0""",208,RSR,https://olemisssports.com/sports/football/roster/logan-diggs/5834
451,--,Davion Carter,Texas Tech,OG,"6'0""",295,RSR,https://texastech.com/sports/football/roster/davion-carter/13697
452,+150,Trevonte Sylvester,Louisville,OT,"6'6""",280,RSR,https://gocards.com/sports/football/roster/trevonte-sylvester/15909
453,+999,Greg Desrosiers Jr.,Memphis,RB,"5'10""",202,RSR,0
454,--,Eli Blakey,Miami (OH),S,"6'2""",208,RSR,https://miamiredhawks.com/sports/football/roster/eli-blakey/10217
455,--,Brylan Green,Liberty,S,"5'9""",180,SR,https://libertyflames.com/sports/football/roster/brylan-green/15597
456,--,Anthony Frias II,UCLA,RB,"5'10""",219,RSR,https://uclabruins.com/sports/football/roster/anthony-frias-ii/15159
457,--,Devin Voisin,South Alabama,WRS,"5'10""",182,RSR,https://usajaguars.com/sports/football/roster/devin-voisin/12417
458,+100,Maverick McIvor,Western Kentucky,QB,"6'2""",214,GR,https://wkusports.com/sports/football/roster/maverick-mcivor/5993
459,+100,Drew Biber,Minnesota,TE,"6'4""",245,RSR,https://gophersports.com/sports/football/roster/drew-biber/23259
460,--,Clayton Smith,Arizona State,EDGE,"6'4""",245,RSR,https://thesundevils.com/sports/football/roster/player/clayton-smith
461,--,Jalen Catalon,Missouri,S,"5'10""",205,RSR,https://mutigers.com/sports/football/roster/jalen-catalon/28677
462,--,D.T. Sheffield,Rutgers,WRS,"5'10""",175,RSR,https://scarletknights.com/sports/football/roster/dt-sheffield/15466
463,--,Jack Stonehouse,Syracuse,P,"6'1""",215,RSR,https://cuse.com/sports/football/roster/jack-stonehouse/24503
464,-75,Bryce Foster,Kansas,OC,"6'4""",330,RSR,https://kuathletics.com/sports/football/roster/bryce-foster/16194
465,--,Geno VanDeMark,Alabama,OG,"6'5""",326,RSR,https://rolltide.com/sports/football/roster/geno-vandemark/13845
466,--,Clay Patterson,Stanford,EDGE,"6'3""",280,GR,https://gostanford.com/sports/football/roster/player/clay-patterson
467,--,Star Thomas,Tennessee,RB,"6'0""",210,RSR,https://utsports.com/sports/football/roster/star-thomas/22080
468,+100,Cash Jones,Georgia,RB,5'11',195,RSR,https://georgiadogs.com/sports/football/roster/cash-jones/9544
469,--,Chris Hilton Jr.,LSU,WR,"6'0""",188,RSR,https://lsusports.net/sports/fb/roster/player/chris-hilton-jr/
470,--,Isaiah Jatta,BYU,OT,"6'6""",315,RSR,https://byucougars.com/sports/football/roster/player/isaiah-jatta
471,--,Rashad Battle,Pitt,CB,"6'3""",195,RSR,https://pittsburghpanthers.com/sports/football/roster/rashad-battle/14256
472,--,Mason Randolph,Boise State,OC,"6'4""",310,RSR,https://broncosports.com/sports/football/roster/mason-randolph/11283
473,--,Jacob Thomas,James Madison,S,"6""1""",212,SR,https://jmusports.com/sports/football/roster/jacob-thomas/22639
474,--,DeVonta Smith,Notre Dame,CB,"6'0""",205,RSR,https://fightingirish.com/roster/devonta-smith/
475,--,Eddie Walls III,Houston,EDGE,"6'4""",250,SR,https://uhcougars.com/sports/football/roster/eddie-walls-iii/9488
476,--,Anthony Hankerson,Oregon State,RB,"5'8""",203,SR,https://osubeavers.com/sports/football/roster/anthony-hankerson/11365
477,+999,T.J. Harden,SMU,RB,"6'0""",218,SR,0
478,--,Brett Thorson,Georgia,P,"6'2""",235,SR,https://georgiadogs.com/sports/football/roster/brett-thorson/9577
479,--,Nathan Voorhis,Ball State,EDGE,"6'3""",247,SR,https://ballstatesports.com/sports/football/roster/nathan-voorhis/12648
480,--,Rasheed Miller,Louisville,OT,"6'7""",310,RSR,https://gocards.com/sports/football/roster/rasheed-miller/15891
481,--,Ryan Davis,Utah,WRS,"5'10""",180,RSR,https://utahutes.com/sports/football/roster/ryan-davis/16679
482,--,Henry Lutovsky,Nebraska,OG,"6'6""",320,SR,https://huskers.com/sports/football/roster/player/henry-lutovsky
483,--,DeCarlos Nicholson,USC,CB,"6'3""",200,RSR,https://usctrojans.com/sports/football/roster/decarlos-nicholson/17720
484,--,Tomas Rimac,Virginia Tech,OG,"6'6""",318,RSR,https://hokiesports.com/sports/football/roster/player/tomas-rimac
485,--,Skyler Thomas,Oregon State,S,"6'2""",212,RSR,https://osubeavers.com/sports/football/roster/skyler-thomas/11409
486,--,Gabriel Benyard,Kennesaw State,WRS,"5'10""",185,RSR,https://ksuowls.com/sports/football/roster/gabriel-benyard/13692
487,--,Aaron Hall,Duke,DL3T,"6'4""",290,GR,https://goduke.com/sports/football/roster/aaron-hall/21765
488,--,Romello Brinson,SMU,WR,"6'2""",190,SR,https://smumustangs.com/sports/football/roster/romello-brinson/14940
489,--,Clayton Powell-Lee,Georgia Tech,S,"6'2""",200,SR,https://ramblinwreck.com/roster/clayton-powell-lee/
490,--,Drew Stevens,Iowa,PK,"6'0""",205,SR,https://hawkeyesports.com/sports/football/roster/player/drew-stevens
491,--,Bruno Fina,Duke,OT,"6'5""",305,GR,https://goduke.com/sports/football/roster/bruno-fina/21757
492,--,Jeremiah Franklin,Boston College,TE,"6'3""",248,SR,https://bceagles.com/sports/football/roster/jeremiah-franklin/25590
493,--,Omar Aigbedion,Baylor,OG,"6'2""",310,SR,https://baylorbears.com/sports/football/roster/omar-aigbedion/14046
494,+150,Keli Lawson,UCF,OLB,"6'5""",220,RSR,https://ucfknights.com/sports/football/roster/player/keli-lawson
495,+999,Jameson Geers,Minnesota,TE,"6'4""",245,RSR,0
496,--,Cam Rice,Maryland,DL3T,"6'2""",303,GR,https://umterps.com/sports/football/roster/cam-rice/14839
497,--,Devin Bale,Arkansas,P,"6'3""",205,SR,https://arkansasrazorbacks.com/roster/devin-bale/
498,--,Tyler Duzansky,Penn State,LS,"6'4""",225,RSR,https://gopsusports.com/sports/football/roster/player/tyler-duzansky
499,--,James Jackson,Virginia,ILB,"6'3""",234,RSR,https://virginiasports.com/sports/football/roster/player/james-jackson
500,--,Kobe Prentice,Baylor,WRS,"5'10""",188,SR,https://baylorbears.com/sports/football/roster/kobe-prentice/14138
501,--,Dominic Zvada,Michigan,PK,"6'3""",180,SR,https://mgoblue.com/sports/football/roster/dominic-zvada/26768
502,--,Jack Velling,Michigan State,TE,"6'4""",244,SR,https://msuspartans.com/sports/football/roster/jack-velling/16027
503,--,Ethan Sanchez,Houston,PK,"5'9""",192,RSR,https://uhcougars.com/sports/football/roster/ethan-sanchez/9348
504,--,Tyreek Chappell,Texas A&M,CBN,"5'10""",185,RSR,https://12thman.com/sports/football/roster/tyreek-chappell/14614
505,+999,E.J. Williams Jr.,Indiana,WR,"6'3""",205,RSR,0
506,--,Reuben Fatheree II,Texas A&M,OT,"6'7""",333,GR,https://12thman.com/sports/football/roster/reuben-fatheree-ii/14628
507,-100,Demarcus Lacey,Marshall,WR,"6'0""",191,SR,https://herdzone.com/sports/football/roster/demarcus-lacey/10337
508,--,Izavion Miller,Auburn,OG,"6'5""",311,RSR,https://auburntigers.com/sports/football/roster/player/izavion-miller
509,--,Kevin Cline,Boston College,OT,"6'6""",323,RSR,https://bceagles.com/sports/football/roster/kevin-cline/25571
510,+999,Jaden Keller,Virginia Tech,ILB,"6'3""",235,RSR,0
511,+999,Rocco Spindler,Nebraska,OG,"6'5""",316,RSR,0
512,--,Daylan Carnell,Missouri,S,"6'2""",225,GR,https://mutigers.com/sports/football/roster/daylan-carnell/28611
513,--,Gus Zilinskas,Rutgers,OC,"6'2""",305,RSR,https://scarletknights.com/sports/football/roster/gus-zilinskas/15464
514,--,Keelan Marion,Miami (FL),WR,"6'0""",195,RSR,https://miamihurricanes.com/roster/keelan-marion/
515,--,Christian Jones,San Diego State,OT,"6'9""",335,SR,https://goaztecs.com/sports/football/roster/player/christian-jones
516,--,Noah Short,Army,WR,"6'0""",195,SR,https://goarmywestpoint.com/sports/football/roster/noah-short/23239
517,--,Luke Petitbon,Florida State,OC,"6'2""",295,RSR,https://seminoles.com/sports/football/roster/luke-petitbon/7850
518,--,Isaiah Nwokobia,SMU,S,"6'1""",202,RSR,https://smumustangs.com/sports/football/roster/isaiah-nwokobia/14991
519,--,Jeff Persi,Pitt,OT,"6'8""",315,RSR,https://pittsburghpanthers.com/sports/football/roster/jeff-persi/14376
520,--,Cole Maynard,Western Kentucky,P,"6'1""",180,RSR,https://wkusports.com/sports/football/roster/cole-maynard/5793
521,--,Mac Harris,South Florida,OLB,"6'0""",235,GR,https://gousfbulls.com/sports/football/roster/mac-harris/15512
522,--,Jeffrey M'Ba,SMU,DL3T,"6'5""",312,RSR,https://smumustangs.com/sports/football/roster/jeffrey-m-ba/15024
523,--,Kris Hutson,Arizona,WRS,"5'10""",173,RSR,https://arizonawildcats.com/sports/football/roster/kris-hutson/18449
524,--,Kapena Gushiken,Ole Miss,S,"6'0""",190,SR,https://olemisssports.com/sports/football/roster/kapena-gushiken/5933
525,--,Payton Zdroik,Air Force,DL5T,"6'0""",275,SR,https://goairforcefalcons.com/sports/football/roster/payton-zdroik/22797
526,--,Aidan Laros,Kentucky,P,"6'2""",218,SR,https://ukathletics.com/sports/football/roster/player/aidan-laros/
527,--,Paul Rubelt,UCF,OT,"6'9""",330,RSR,https://ucfknights.com/sports/football/roster/player/paul-rubelt
528,--,Carlos Allen Jr.,Houston,DL3T,"6'1""",295,RSR,https://uhcougars.com/sports/football/roster/carlos-allen-jr/9263
529,--,Josh Kattus,Kentucky,TE,"6'4""",247,SR,https://ukathletics.com/sports/football/roster/player/josh-kattus/
530,+999,Dariel Djabome,Rutgers,ILB,"6'1""",233,RJR,0
531,+100,Mason Murphy,Auburn,OT,"6'5""",319,RSR,https://auburntigers.com/sports/football/roster/player/mason-murphy
532,--,Lardarius Webb Jr.,Wake Forest,CBN,"5'9""",168,RSR,https://godeacs.com/sports/football/roster/lardarius-webb-jr/8843
533,--,Laith Marjan,Kansas,PK,"6'2""",210,SR,https://kuathletics.com/sports/football/roster/laith-marjan/16257
534,+100,Barika Kpeenu,North Dakota State,RB,"5'10""",213,RSR,https://gobison.com/sports/football/roster/barika-kpeenu/23083
535,--,Dreyden Norwood,Missouri,CB,"6'0""",187,RSR,https://mutigers.com/sports/football/roster/drey-norwood/28654
536,--,Chamon Metayer,Arizona State,TE,"6'4""",255,RSR,https://thesundevils.com/sports/football/roster/player/chamon-metayer
537,--,Michael Wortham,Montana State,WR,"5'9""",190,RSR,https://gogriz.com/sports/football/roster/michael-wortham/7874
538,-100,Treyvhon Saunders,Colgate,WRS,"5'9""",190,SR,https://www.espn.com/college-football/player/_/id/5152581/treyvhon-saunders
539,--,Myles Montgomery,UCF,RB,"5'11""",205,RSR,https://ucfknights.com/sports/football/roster/player/myles-montgomery
540,--,D.J. Harvey,USC,CBN,"5'11""",174,RSR,https://usctrojans.com/sports/football/roster/dj-harvey/17610
541,--,Javin Wright,Nebraska,OLB,"6'4""",230,RSR,https://huskers.com/sports/football/roster/player/javin-wright
542,--,Dominic Richardson,Tulsa,RB,"6'0""",210,RSR,https://tulsahurricane.com/sports/football/roster/dominic-richardson/12453
543,--,Will Ferrin,BYU,PK,"6'3""",175,RSR,https://byucougars.com/sports/football/roster/player/will-ferrin
544,--,Albert Reese IV,Mississippi State,OT,"6'6""",330,RSR,https://hailstate.com/sports/football/roster/albert-reese-iv/12328
545,--,Langston Patterson,Vanderbilt,ILB,"6'1""",235,SR,https://vucommodores.com/roster/langston-patterson/
546,--,Austin Leausa,BYU,OG,"6'5""",315,SR,https://byucougars.com/sports/football/roster/player/austin-leausa
547,--,Keeshawn Silver,USC,DL1T,"6'4""",330,RSR,https://usctrojans.com/sports/football/roster/keeshawn-silver/17746
548,--,Davon Booth,Mississippi State,RB,"5'9""",205,RSR,https://hailstate.com/sports/football/roster/davon-booth/12292
549,--,Phillip Dunnam,UCF,S,"6'1""",195,SR,https://ucfknights.com/sports/football/roster/player/phillip-dunnam
550,--,De'Shawn Rucker,USF,CB,"6'0""",195,SR,https://gousfbulls.com/sports/football/roster/de-shawn-rucker/15539
551,--,Jeremiah Wilson,Florida State,CBN,"5'10""",185,SR,https://seminoles.com/sports/football/roster/jeremiah-wilson/7970
552,--,Joshua Weru,IPP - Kenya,EDGE,"6'4""",244,500,https://www.teamkenya.co.ke/news/3748-rugby-josh-weru-joins-northampton-saints
553,--,Dominic Bailey,Tennessee,DL5T,"6'3""",292,RSR,https://utsports.com/sports/football/roster/dominic-bailey/21974
554,--,Beau Gardner,Georgia,LS,"6'5""",250,RSR,https://georgiadogs.com/sports/football/roster/beau-gardner/8281
555,+999,Dequan Finn,Miami (OH),QB,"6'1""",215,RSR,0
556,--,Channing Canada,TCU,CB,"6'1""",190,SR,https://gofrogs.com/sports/football/roster/channing-canada/17486
557,--,Tony Grimes,Purdue,CB,"6'1""",190,RSR,https://purduesports.com/sports/football/roster/tony-grimes/14357
558,--,Squirrel White,Florida State,WRS,"5'9""",178,SR,https://seminoles.com/sports/football/roster/squirrel-white/7859
559,--,Jackson Carsello,Northwestern,OC,"6'4""",300,RSR,https://nusports.com/sports/football/roster/jackson-carsello/12450
560,--,Luke Basso,Oregon,LS,"6'3""",220,RSR,https://goducks.com/sports/football/roster/luke-basso/17350
561,--,Lincoln Pare,Texas State,WR,"5'8""",200,RSR,https://txst.com/sports/football/roster/lincoln-pare/12121
562,--,Junior Vandeross III,Toledo,WRS,"5'8""",182,SR,https://utrockets.com/sports/football/roster/junior-vandeross-iii/10028
563,--,Nasir Bowers,Toledo,CBN,"5'9""",182,SR,https://utrockets.com/sports/football/roster/nasir-bowers/9952
564,--,Gavin Gerhardt,Cincinnati,OC,"6'4""",310,RSR,https://gobearcats.com/sports/football/roster/player/gavin-gerhardt
565,--,Bangally Kamara,Kansas,OLB,"6'2""",235,RSR,https://kuathletics.com/sports/football/roster/bangally-kamara/16255
566,--,Arden Walker,Colorado,EDGE,"6'2""",250,RSR,https://cubuffs.com/sports/football/roster/arden-walker/17767
567,--,Chase Wilson,West Virginia,ILB,"6'1""",230,RSR,https://wvusports.com/sports/football/roster/chase-wilson/18885
568,--,Devon Marshall,NC State,CB,"5'11""",200,JR,https://gopack.com/sports/football/roster/devon-marshall/13013
569,--,Pete Nygra,Louisville,OC,"6'4""",300,RSR,https://gocards.com/sports/football/roster/pete-nygra/17541
570,+999,Bernard Gooden,LSU,DL5T,"6'1""",280,RSR,0
571,--,Ty Buchanan,Arizona,OT,"6'6""",314,RSR,https://arizonawildcats.com/sports/football/roster/ty-buchanan/18444
572,--,Cole Kozlowski,Central Florida,ILB,"6'1""",230,SR,https://ucfknights.com/sports/football/roster/player/cole-kozlowski
573,--,Isaiah Glasker,BYU,EDGE,"6'4""",235,RJR,https://byucougars.com/sports/football/roster/player/isaiah-glasker
574,--,Preston Hodge,Colorado,CB,"5'11""",195,RSR,https://cubuffs.com/sports/football/roster/preston-hodge/17732
575,--,Evan Crenshaw,Troy,P,"6'4""",192,RJR,https://troytrojans.com/sports/football/roster/evan-crenshaw/12078
576,--,Malick Sylla,Mississippi State,EDGE,"6'6""",255,SR,https://hailstate.com/sports/football/roster/malick-sylla/12377
577,--,Jaidyn Denis,Memphis,CB,"6'2""",191,RSR,https://gotigersgo.com/sports/football/roster/jaidyn-denis/12020
578,--,Blake Shapen,Mississippi State,QB,"6'1""",210,GR,https://hailstate.com/sports/football/roster/blake-shapen/12332
579,--,Andrew Brown,NC A$T,PK,"5'10""",185,SR,https://ncataggies.com/sports/football/roster/andrew--brown/4939
580,--,Caleb Offord,Kennesaw,CB,"6'2""",198,RSR,https://ksuowls.com/sports/football/roster/caleb-offord/13887
581,--,T.J. Quinn,Louisville,ILB,"6'1""",235,RSR,https://gocards.com/sports/football/roster/tj-quinn/17546
582,--,Shomari Lawrence,Missouri State,RB,"6'0""",210,RSR,https://missouristatebears.com/sports/football/roster/shomari-lawrence/8659
583,--,Jahmeer Carter,Virginia,DL3T,"6'2""",311,GR,https://virginiasports.com/player/jahmeer-carter/
584,--,John Ferlmann,Ohio State,LS,"6'3""",232,RSR,https://ohiostatebuckeyes.com/sports/football/roster/john-ferlmann/12259
585,--,Ricardo Hallman,Wisconsin,CBN,"5'10""",185,RSR,https://uwbadgers.com/sports/football/roster/ricardo-hallman/14104
586,--,Tommy Castellanos,Florida State,QB,"5'10""",201,SR,https://seminoles.com/sports/football/roster/tommy-castellanos/7834
587,--,Curtis Allen,Virginia Union,RB,"6'2""",215,SR,https://vuusports.com/sports/football/roster/curtis-allen/4818
588,--,Malcolm DeWalt IV,Akron,CB,"6'2""",190,RSR,https://gozips.com/sports/football/roster/malcom-dewalt-iv/9612
589,--,Cam Miller,Rutgers,CB,"6'0""",184,SR,https://scarletknights.com/sports/football/roster/cam-miller/15470
590,--,Jared Dawson,Notre Dame,DL3T,"6'1""",305,RSR,https://fightingirish.com/roster/jared-dawson/
591,--,Gunnar Hansen,Florida State,OT,"6'5""",325,RSR,https://seminoles.com/sports/football/roster/gunnar-hansen/7840
592,--,Dayon Hayes,Texas A&M,EDGE,"6'3""",264,GR,https://12thman.com/sports/football/roster/dayon-hayes/14828
593,--,Josh McCray,Georgia,RB,"6'1""",235,RSR,https://fightingillini.com/sports/football/roster/josh-mccray/14420
594,--,Jacob Clark,Missouri State,QB,"6'4""",220,RSR,https://missouristatebears.com/sports/football/roster/jacob-clark/8596
595,--,Theran Johnson,Oregon,CB,"5'11""",182,RSR,https://goducks.com/sports/football/roster/theran-johnson/17453
596,--,Rocco Underwood,Florida,LS,"6'2""",231,RSR,https://floridagators.com/sports/football/roster/rocco-underwood/17639
597,--,Damon Payne Jr.,Michigan,DL1T,"6'3""",313,RSR,https://mgoblue.com/sports/football/roster/damon-payne/26777
598,--,Trent Hendrick,James Madison,OLB,"6'0""",234,RSR,https://jmusports.com/sports/football/roster/trent-hendrick/22590
599,--,Tanoa Togiai,Utah,OG,"6'6""",320,RSR,https://utahutes.com/sports/football/roster/tanoa-togiai/16637
600,--,Silas Walters,Miami (OH),S,"6'1""",194,RSR,https://miamiredhawks.com/sports/football/roster/silas-walters/10292
